1,/home/qchenldr/myproject/aligndata2/person-6/image-2.png
1,/home/qchenldr/myproject/aligndata2/person-6/image-5.png
1,/home/qchenldr/myproject/aligndata2/person-6/image-10.png
1,/home/qchenldr/myproject/aligndata2/person-6/image-3.png
1,/home/qchenldr/myproject/aligndata2/person-6/image-7.png
1,/home/qchenldr/myproject/aligndata2/person-6/image-13.png
1,/home/qchenldr/myproject/aligndata2/person-6/image-12.png
1,/home/qchenldr/myproject/aligndata2/person-6/image-4.png
1,/home/qchenldr/myproject/aligndata2/person-6/image-1.png
1,/home/qchenldr/myproject/aligndata2/person-6/image-8.png
1,/home/qchenldr/myproject/aligndata2/person-6/image-11.png
1,/home/qchenldr/myproject/aligndata2/person-6/image-6.png
1,/home/qchenldr/myproject/aligndata2/person-6/image-9.png
2,/home/qchenldr/myproject/aligndata2/person-1/image-7.png
2,/home/qchenldr/myproject/aligndata2/person-1/image-2.png
2,/home/qchenldr/myproject/aligndata2/person-1/image-4.png
2,/home/qchenldr/myproject/aligndata2/person-1/image-6.png
2,/home/qchenldr/myproject/aligndata2/person-1/image-0.png
2,/home/qchenldr/myproject/aligndata2/person-1/image-5.png
2,/home/qchenldr/myproject/aligndata2/person-1/image-1.png
2,/home/qchenldr/myproject/aligndata2/person-1/image-3.png
3,/home/qchenldr/myproject/aligndata2/person-5/image-0.png
3,/home/qchenldr/myproject/aligndata2/person-5/image-9.png
3,/home/qchenldr/myproject/aligndata2/person-5/image-5.png
3,/home/qchenldr/myproject/aligndata2/person-5/image-10.png
3,/home/qchenldr/myproject/aligndata2/person-5/image-7.png
3,/home/qchenldr/myproject/aligndata2/person-5/image-4.png
3,/home/qchenldr/myproject/aligndata2/person-5/image-8.png
3,/home/qchenldr/myproject/aligndata2/person-5/image-1.png
3,/home/qchenldr/myproject/aligndata2/person-5/image-2.png
3,/home/qchenldr/myproject/aligndata2/person-5/image-11.png
3,/home/qchenldr/myproject/aligndata2/person-5/image-3.png
3,/home/qchenldr/myproject/aligndata2/person-5/image-6.png
4,/home/qchenldr/myproject/aligndata2/person-2/image-3.png
4,/home/qchenldr/myproject/aligndata2/person-2/image-1.png
4,/home/qchenldr/myproject/aligndata2/person-2/image-4.png
4,/home/qchenldr/myproject/aligndata2/person-2/image-5.png
4,/home/qchenldr/myproject/aligndata2/person-2/image-0.png
4,/home/qchenldr/myproject/aligndata2/person-2/image-2.png
4,/home/qchenldr/myproject/aligndata2/person-2/image-6.png
5,/home/qchenldr/myproject/aligndata2/person-4/image-7.png
5,/home/qchenldr/myproject/aligndata2/person-4/image-2.png
5,/home/qchenldr/myproject/aligndata2/person-4/image-0.png
5,/home/qchenldr/myproject/aligndata2/person-4/image-1.png
5,/home/qchenldr/myproject/aligndata2/person-4/image-5.png
5,/home/qchenldr/myproject/aligndata2/person-4/image-6.png
5,/home/qchenldr/myproject/aligndata2/person-4/image-4.png
5,/home/qchenldr/myproject/aligndata2/person-4/image-3.png
6,/home/qchenldr/myproject/aligndata2/person-3/image-11.png
6,/home/qchenldr/myproject/aligndata2/person-3/image-3.png
6,/home/qchenldr/myproject/aligndata2/person-3/image-6.png
6,/home/qchenldr/myproject/aligndata2/person-3/image-19.png
6,/home/qchenldr/myproject/aligndata2/person-3/image-15.png
6,/home/qchenldr/myproject/aligndata2/person-3/image-17.png
6,/home/qchenldr/myproject/aligndata2/person-3/image-8.png
6,/home/qchenldr/myproject/aligndata2/person-3/image-2.png
6,/home/qchenldr/myproject/aligndata2/person-3/image-9.png
6,/home/qchenldr/myproject/aligndata2/person-3/image-4.png
6,/home/qchenldr/myproject/aligndata2/person-3/image-13.png
6,/home/qchenldr/myproject/aligndata2/person-3/image-16.png
6,/home/qchenldr/myproject/aligndata2/person-3/image-18.png
6,/home/qchenldr/myproject/aligndata2/person-3/image-14.png
6,/home/qchenldr/myproject/aligndata2/person-3/image-12.png
6,/home/qchenldr/myproject/aligndata2/person-3/image-10.png
6,/home/qchenldr/myproject/aligndata2/person-3/image-1.png
6,/home/qchenldr/myproject/aligndata2/person-3/image-7.png
6,/home/qchenldr/myproject/aligndata2/person-3/image-5.png
